month,sales
2022-01-01,98.4
2022-02-01,107.0
2022-03-01,118.6
2022-04-01,129.2
2022-05-01,140.8
2022-06-01,145.4
2022-07-01,142.0
2022-08-01,135.6
2022-09-01,122.2
2022-10-01,115.8
2022-11-01,108.4
2022-12-01,108.0
2023-01-01,113.6
2023-02-01,118.2
2023-03-01,129.8
2023-04-01,140.4
2023-05-01,152.0
2023-06-01,160.6
2023-07-01,153.2
2023-08-01,146.8
2023-09-01,133.4
2023-10-01,127.0
2023-11-01,123.6
2023-12-01,119.2
2024-01-01,124.8
2024-02-01,129.4
2024-03-01,141.0
2024-04-01,155.6
2024-05-01,163.2
2024-06-01,171.8
2024-07-01,164.4
2024-08-01,158.0
2024-09-01,148.6
2024-10-01,138.2
2024-11-01,134.8
2024-12-01,130.4
2025-01-01,136.0
2025-02-01,144.6
2025-03-01,152.2
2025-04-01,166.8
2025-05-01,174.4
2025-06-01,183.0
2025-07-01,179.6
2025-08-01,169.2
2025-09-01,159.8
2025-10-01,149.4
2025-11-01,146.0
2025-12-01,145.6
